<?xml version="1.0" encoding="utf-8" standalone="yes"?>
<rss version="2.0" xmlns:atom="http://www.w3.org/2005/Atom">
  <channel>
    <title>Tags on Smartphoniker Sharing | Die klimafreundliche Alternative zum eigenen Camper</title>
    <link>https://camper.smartphoniker.shop/tags/</link>
    <description>Recent content in Tags on Smartphoniker Sharing | Die klimafreundliche Alternative zum eigenen Camper</description>
    <generator>Hugo -- gohugo.io</generator>
    <language>de-DE</language>
    
	<atom:link href="https://camper.smartphoniker.shop/tags/index.xml" rel="self" type="application/rss+xml" />
    
    
  </channel>
</rss>