<?xml version="1.0" encoding="utf-8" standalone="yes"?>
<rss version="2.0" xmlns:atom="http://www.w3.org/2005/Atom">
  <channel>
    <title>About Us ... on Smartphoniker Sharing | Die klimafreundliche Alternative zum eigenen Camper</title>
    <link>https://camper.smartphoniker.shop/about/</link>
    <description>Recent content in About Us ... on Smartphoniker Sharing | Die klimafreundliche Alternative zum eigenen Camper</description>
    <generator>Hugo -- gohugo.io</generator>
    <language>de-DE</language>
    <lastBuildDate>Sat, 07 Jul 2018 12:37:52 +0600</lastBuildDate>
    
	<atom:link href="https://camper.smartphoniker.shop/about/index.xml" rel="self" type="application/rss+xml" />
    
    
  </channel>
</rss>